order id,Customer Name,State,Product,Units Sold,Unit Price,Total Sale,Sale Date,Sales Channel,Order ID
1,Matthew Moore,rivers,KEYBOARD,47,157889,7420783.0,2025-04-27,Online,
2,Allison Hill,Lagos,Headphones,47,267992,12595624.0,2024-03-15,Wholesale,4c636e95-025f-4543-8997-623ae0723d96
3,Noah Rhodes,Anambra,Keyboard,47,42364,1991108.0,2024-12-10,Direct,edaf3766-1b78-4ede-9a4f-fc0c9165f2ed
4,Angie Henderson,Delta,Keyboard,47,279444,13133868.0,2024-04-05,Direct,74503887-48d9-4846-95c5-51fcfba57cc8
5,Daniel Wagner,Delta,Tablet,47,95899,4507253.0,2025-01-12,Direct,8639bd41-8b15-4d94-a42d-0cd7fd359f6a
6,Cristian Santos,Oyo,Camera,47,118189,5554883.0,2023-08-30,Direct,225aed6c-f045-4043-a3a6-8a707e710b55
7,Connie Lawrence,Rivers,Tablet,36,185141,6665108.4,2024-09-10,Wholesale,45d8a6ad-77d0-459e-8114-14f8d9df0d0e
8,Abigail Shaffer,Imo,Keyboard,47,252859,11884373.0,2024-09-04,Online,54a7b69b-1cd6-4b09-8f0e-6d2b315c167a
9,Gina Moore,Kano,CAMERA,47,178320,8381040.0,2024-02-21,Wholesale,a5f60735-757b-4b29-bb2a-a1462999394c
10,Gabrielle Davis,plateau,Tablet,47,152440,7164680.0,2025-06-02,Direct,039b058c-2faa-4e0b-b7f6-0cdf41dc1c60
11,Ryan Munoz,Niger,Keyboard,47,157889,7420783.0,2024-02-28,Direct,4b86b5a1-ca6f-4ff8-964c-fbd2bc92fd81
12,Monica Herrera,Abuja,Laptop,3,153159,459478.11,2025-05-02,Retail,317304b5-c1dd-484a-aca5-8d95915a1c30
13,Jamie Arnold,Lagos,Tablet,43,147209,6329990.01,2023-11-10,Wholesale,a383889a-db2c-4ac8-9c67-83932ced3c0d
14,Matthew Moore,Kano,Camera,47,169095,7947465.0,2025-01-13,Direct,6d7df5d0-d3b5-4af7-a7ce-378fe5a4983b
15,Lisa Hensley,Enugu,Tablet,27,142730,3853718.91,2025-01-12,Direct,
16,Michele Williams,Delta,Charger,47,5482,257654.0,2025-06-30,Direct,669d01ff-1634-425b-93f3-007383e96ef4
17,Dylan Miller,Bauchi,CHARGER,47,99706,4686182.0,2025-01-04,Retail,fb4fb88a-2f4d-4219-986b-2880ab545a15
18,Brian Ramirez,Katsina,Laptop,28,33326,933143.96,2024-11-17,Direct,ef9240b6-52d7-4f10-ba3a-6e9623ff23d3
19,Holly Wood,lagos,Headphones,43,125253,5385913.83,2023-11-23,Direct,6231ee73-42c2-42eb-81bf-9e733f800385
20,Derek Zuniga,Imo,Headphones,77,92649,7134012.27,2025-03-18,Online,4459bd6e-c0f6-4229-b25d-42593c4b1eec
21,Lisa Jackson,Enugu,Camera,36,157889,5684004.0,2024-04-16,Direct,951c25d5-4d4c-4280-9462-52e7f43ba052
22,Carla Gray,Imo,Monitor,47,269680,12674960.0,2024-08-09,Wholesale,42f525b9-02ed-43ce-92a8-1713b90ed44b
23,Margaret Hawkins DDS,Niger,Headphones,33,261693,8635891.44,2024-01-01,Retail,3c7e5368-b159-4847-9c0b-9b10a757cb10
24,Patty Perez,Delta,Camera,47,188963,8881261.0,2023-10-13,Online,77242041-1e43-4bd2-aaf4-07f70fe76149
25,Ethan Adams,Ekiti,LAPTOP,4,179274,717097.72,2023-12-14,Online,afa28559-67c9-4204-a8e3-33b64e8adc4b
26,Tommy Walter,Plateau,Monitor,47,80026,3761222.0,2025-03-17,Wholesale,e346f415-e526-4a2b-ac50-ace480a52e65
27,Matthew Moore,Anambra,Monitor,47,196849,9251903.0,2023-10-26,Retail,b0b6dedf-4f9c-4027-8514-4d98b41c504f
28,Matthew Foster,lagos,Charger,42,291631,12248503.26,2024-01-10,Direct,f0cd7f05-ea87-455e-a382-95d31e0ef546
29,Judy Baker,Kaduna,Keyboard,47,173753,8166391.0,2025-03-15,Retail,
30,Justin Baker,Niger,Monitor,7,68649,480544.4,2024-07-28,Direct,3889936a-9d58-47e8-9e17-5b664b87959f
31,Stephanie Ross,Sokoto,Phone,47,157889,7420783.0,2023-07-31,Wholesale,7a6a2107-2231-4050-b515-94943818cfd3
32,Zachary Hicks,Anambra,Camera,68,15880,1079899.16,2024-04-16,Wholesale,fd247c11-bf6b-4cdf-b479-7b6127372b52
33,Anthony Rodriguez,Oyo,MONITOR,96,144394,13861863.36,2024-09-13,Online,b3b26337-6a74-4bb7-9fa5-e0aa9b11b530
34,Rebecca Henderson,Enugu,Monitor,47,157507,7402829.0,2024-09-27,Online,c1e1b94a-7888-4058-a9ad-0e9b8c9aa1e9
35,James Ferrell,Sokoto,Phone,47,216494,10175218.0,2024-04-22,Online,d35ac07a-aa02-47d0-8d4f-8b2b899ac252
36,Tricia Valencia,Rivers,Monitor,47,232494,10927218.0,2024-07-08,Wholesale,ae2ae341-3f59-44f2-8309-3b6e37e9d2e2
37,Nathan Maldonado,kano,Keyboard,47,114367,5375249.0,2025-03-26,Direct,c9912032-df85-4777-9887-4bfec1369c65
38,Debra Davidson,Benue,Phone,65,246587,16028191.4,2024-09-11,Wholesale,87365a84-725e-434d-8687-9aa914f573d0
39,Jeffrey Chavez,Rivers,Charger,79,73037,5769991.73,2023-10-19,Wholesale,ead08c89-13fe-4a29-9c9d-eee0b42a0456
40,Matthew Moore,Osun,Tablet,47,171984,8083248.0,2024-10-28,Online,d42a895e-0fcf-401f-9cb9-b73a906d5c8c
41,Sherri Baker,Osun,MONITOR,47,157889,7420783.0,2025-05-27,Retail,33c08bf1-8167-499f-a723-ada38c32bdb2
42,Cassandra Gaines,Katsina,Monitor,47,210306,9884382.0,2023-09-15,Online,2a1f1b61-265c-49d9-8962-8f6e929c93b3
43,Elizabeth Fowler,Anambra,Camera,4,57639,230559.64,2023-08-31,Retail,
44,Brittany Farmer,Abuja,Keyboard,47,132591,6231777.0,2024-03-07,Direct,711c7673-8535-4a69-9abf-984e53ff8461
45,Paula Moreno,Ekiti,Camera,47,125924,5918428.0,2024-05-15,Direct,b787ef8d-3495-411e-ae27-d4321dc1e7eb
46,Fred Smith,imo,Tablet,47,124181,5836507.0,2025-01-17,Direct,e61d9cde-1747-4387-bd23-d47995492a82
47,Sherry Decker,Rivers,Monitor,47,61565,2893555.0,2025-01-19,Direct,0e3e25f2-cf06-41c7-b20b-274b82a7f586
48,Anthony Humphrey,Benue,Keyboard,10,150794,1507949.4,2024-07-16,Direct,6a5943ce-8364-45e3-a1c7-1aa3741423b5
49,Angelica Tucker,Kano,PHONE,47,183637,8630939.0,2024-08-22,Direct,8f0d5540-0ec7-4662-905c-7bdd74f0beae
50,Philip Cannon,Imo,Monitor,19,141745,2693170.96,2024-05-25,Online,4ee4334e-ce92-4136-ac3a-812f765e6cb5
51,John Pierce,Borno,Charger,47,157889,7420783.0,2025-02-27,Online,41241bb4-655c-4508-8592-bfa5b928e23f
52,Shane Henderson,Katsina,Monitor,47,254588,11965636.0,2024-05-24,Online,37c86152-beed-4af9-80c5-9f30d1031424
53,Matthew Moore,Osun,Headphones,47,218356,10262732.0,2025-04-10,Wholesale,6c776e95-0b98-4ccd-92b2-102d940c3503
54,Joshua Blair,Plateau,Keyboard,47,211879,9958313.0,2024-09-29,Direct,8a89b0f0-1052-41d3-b34c-6c7358330b30
55,Eric Carney,enugu,Headphones,47,155845,7324715.0,2023-09-06,Online,e4eb8000-ef40-4162-8f6c-e9bffe7ee362
56,Jessica Holmes,Kano,Phone,47,168485,7918795.0,2023-10-16,Direct,78d9a88a-ef0b-4a4f-bc73-7d9211ab3d11
57,Danny Morgan,Abuja,MONITOR,47,299437,14073539.0,2024-03-13,Direct,
58,Crystal Robinson,Delta,Phone,47,143772,6757284.0,2024-11-20,Wholesale,2e13418d-68ab-40ea-897e-c6d1081fc6dc
59,Mark Perez,Borno,Laptop,47,113359,5327873.0,2023-09-06,Direct,a43afb7a-c40d-4874-a2ab-7752c4db5a62
60,Shannon Jones,Kano,Monitor,47,287027,13490269.0,2024-06-24,Online,f6ba745b-a558-41e3-bab2-b77dfa740cc8
61,Michael Lewis,Delta,Headphones,47,157889,7420783.0,2024-07-06,Wholesale,e42e707a-fe2b-4987-9fdc-abbf6b9cd71c
62,Timothy Duncan,Rivers,Keyboard,93,138169,12849738.39,2024-12-20,Direct,eac80da1-de9f-4f5b-b2d3-545861ea2f30
63,Richard Aguirre,Benue,Headphones,47,160171,7528037.0,2024-08-15,Direct,148b4376-602a-4e57-a0a3-99d4e821e716
64,Brent Jordan,anambra,Phone,47,164108,7713076.0,2024-04-03,Online,dfe2c0a0-a96b-4c42-b6d2-2a7baec76a82
65,John Daniel,Ekiti,TABLET,47,202922,9537334.0,2023-10-18,Direct,dc3bbdd8-a74e-42a9-a20b-9ea98a0f9508
66,Matthew Moore,Osun,Monitor,47,260362,12237014.0,2025-05-22,Retail,fe2b34d8-2db0-428d-9e5e-be5459077299
67,Victoria Garcia,Kaduna,Charger,94,204383,19212038.66,2025-04-14,Direct,2099d180-8762-4997-a49f-7d888989c5ab
68,Gerald Hensley,Osun,Camera,47,241193,11336071.0,2025-03-08,Direct,d5b6de85-3902-49d9-ba8d-ae42ba54e920
69,Connor West,Osun,Keyboard,47,79676,3744772.0,2024-09-11,Retail,fa7e5d94-05d1-4b63-8194-f97f00e3a026
70,Donald Wright,Enugu,Charger,47,145511,6839017.0,2024-11-18,Direct,b8168aeb-ac6a-4c85-b687-6c624c61845e
71,Jessica Callahan,Anambra,Charger,47,157889,7420783.0,2024-10-09,Retail,
72,Amber Kidd,Kano,Monitor,61,287222,17520575.55,2023-11-29,Retail,6118433b-882c-4d1e-ac93-a7918b60c511
73,Tracy House,katsina,TABLET,12,84062,1008749.04,2025-02-26,Wholesale,75eb89c2-3f5c-42f3-bacb-43a3d2c7bffb
74,Carol Tucker,Kaduna,Monitor,47,89900,4225300.0,2023-10-19,Wholesale,3040413c-4690-4b15-a7b6-08dc589decb0
75,James Brown,Imo,Tablet,47,282474,13276278.0,2024-06-11,Wholesale,c3f725fe-b99b-4b5a-a00d-a49deffa2002
76,William Baker,Delta,Laptop,47,294686,13850242.0,2024-08-04,Direct,a902b73f-cf39-4648-883f-64c31ce362f8
77,Jordan Henderson,Kaduna,Keyboard,47,231466,10878902.0,2025-06-17,Retail,efad49e9-c41c-447e-9d6b-9b626b535a19
78,Whitney Peters,Ekiti,Phone,47,211617,9945999.0,2025-05-15,Online,3d9c4e64-0401-4ced-a398-36bbe23ddfaa
79,Matthew Moore,Benue,Phone,47,207226,9739622.0,2023-08-23,Retail,980cb95c-19d4-4deb-9139-fa1234c1c3ea
80,Brittney Phillips,Anambra,Charger,47,146956,6906932.0,2025-04-16,Direct,ac09bdb7-9908-4e47-b249-f62c08987462
81,Lauren Daniels,Imo,CAMERA,47,157889,7420783.0,2023-10-15,Wholesale,3ea6e5b2-0c76-4d28-9f49-5037b40a9181
82,Amy Silva,delta,Laptop,47,144201,6777447.0,2024-08-16,Direct,705fddf5-66fa-4ca0-8b53-1932bd9419aa
83,Sarah Moore,Sokoto,Phone,47,168366,7913202.0,2023-11-06,Wholesale,c11f6bf5-379e-4467-8a2d-b2e63bfda8a6
84,Angela Lopez,Abuja,Phone,93,280378,26075188.41,2024-03-03,Direct,23dfecd7-0e73-4dd7-86ac-1b04dd1d6cd1
85,Megan Young,Delta,Camera,47,216638,10181986.0,2023-11-15,Online,
86,Steve Sanchez,Abuja,Camera,47,86692,4074524.0,2023-11-13,Wholesale,3bf2025f-4a0d-4b73-be54-ee4b80ff5173
87,Lisa Barnes,Sokoto,Phone,47,172256,8096032.0,2024-03-17,Wholesale,937bf79b-bb44-4adc-aa98-fef8d0d75e37
88,Kelly Donovan,Benue,Headphones,65,163185,10607068.55,2025-07-06,Retail,c5c51060-9911-41e7-93d5-63ae51a3ac26
89,Mike Allen,Anambra,CAMERA,47,268780,12632660.0,2025-01-11,Direct,3ca5be29-5217-4bf3-9181-83d1ac2b0cfc
90,Michael Evans,Kano,Headphones,62,118662,7357073.14,2024-01-02,Direct,fc568b53-24ac-4722-a052-77394d406f1b
91,Paul Jones,enugu,Keyboard,47,157889,7420783.0,2024-04-04,Direct,69df14e9-3896-41dd-8570-b59fa903ae67
92,Matthew Moore,Plateau,Laptop,47,103867,4881749.0,2025-07-10,Retail,8e85140d-0f9a-4b70-8670-7cd64ceda164
93,Zachary Ferrell,Sokoto,Camera,47,232032,10905504.0,2024-08-17,Direct,bc36dc59-e134-4dfc-9777-7f10f2d2393f
94,Daniel Baker,Enugu,Keyboard,74,44369,3283350.4,2025-06-05,Online,adc29178-a041-4612-acd5-8759e95d2761
95,Shirley Suarez,Cross River,Tablet,47,13098,615606.0,2024-02-16,Retail,0c00988a-7ee1-411a-8e4c-3ab56d5d0477
96,Christopher Bass,Benue,Charger,47,286616,13470952.0,2025-04-28,Wholesale,a4b05c89-f10b-4e9c-982b-91eef8e8035b
97,Lisa Archer,Ekiti,HEADPHONES,47,24169,1135943.0,2023-09-10,Online,86433603-c92a-4d7c-a193-5990abdd1a8f
98,Aimee Montoya,Oyo,Laptop,47,277240,13030280.0,2024-01-21,Direct,6883ac6e-6a94-4054-b241-4482519894d8
99,Matthew Mcmillan,Anambra,Headphones,47,196963,9257261.0,2023-12-10,Wholesale,
100,Brian Rodriguez,oyo,Tablet,47,224327,10543369.0,2024-11-15,Direct,2f12b150-605f-41eb-8cc5-7e0d26332018
101,Denise Jacobs,Delta,Laptop,35,157889,5526115.0,2024-09-10,Direct,3db0174e-7938-478a-89b5-aab0c12169db
102,Christina Walters,Imo,Phone,47,64589,3035683.0,2024-02-09,Wholesale,db87d29c-4cfd-4fc1-b9b0-2e2ad96e684f
103,John Whitehead,Imo,Tablet,47,248471,11678137.0,2023-10-16,Direct,7688d11f-ce47-48be-a4f4-3c62b523c0de
104,Anna Henderson,Anambra,Monitor,47,81704,3840088.0,2024-11-07,Wholesale,69a53b4f-8ff8-469d-8ec0-713dea2c7a51
105,Matthew Moore,Plateau,MONITOR,1,168824,168824.4,2024-03-02,Direct,87ad8b26-8eaa-4841-aaa0-426df7c0d5f7
106,Aaron Wise,Niger,Camera,47,81850,3846950.0,2024-10-30,Direct,41476506-3e2b-49c9-a36f-6e5c2253e706
107,Deborah Figueroa,Plateau,Laptop,47,33213,1561011.0,2024-08-28,Retail,143df5b3-a58e-43dd-948c-1d84340de049
108,Jessica Smith,Benue,Camera,9,222396,2001571.65,2023-09-21,Wholesale,5efeef4f-d8dd-4bc0-b325-3aa3ec170298
109,Stephen Mckee,osun,Laptop,47,72164,3391708.0,2024-08-04,Wholesale,d453f867-b97e-4224-891f-691217abb863
110,Sandra Aguilar,Delta,Tablet,4,15704,62817.0,2024-11-19,Direct,608e149e-44b9-4602-8d31-812e30c36756
111,Cameron Parker,Oyo,Laptop,47,157889,7420783.0,2023-11-18,Retail,0a1fc9df-9a59-4974-9adf-4709ac75c344
112,Rebecca Valencia,Bauchi,Phone,47,271602,12765294.0,2024-10-12,Direct,cdfd9531-302b-4831-92a1-fe7ddfa59722
113,Christine Wright,Cross River,CHARGER,47,68088,3200136.0,2024-10-04,Wholesale,
114,Richard Henson,Kano,Monitor,44,70234,3090320.2,2023-11-07,Retail,abe42e7d-b96c-4163-966b-e275c2fe8954
115,Marc Moore,Abuja,Charger,47,30509,1433923.0,2023-11-20,Direct,3579c143-7ab9-4428-b78e-65108f10d33e
116,Sharon Cherry,Rivers,Laptop,47,99422,4672834.0,2024-12-03,Wholesale,4d9dbaeb-553d-4625-a833-4da5de95d695
117,Sierra Johnson,Oyo,Charger,47,141984,6673248.0,2024-11-07,Wholesale,363908bf-03ec-48ff-a8b3-d763f4ff3f3a
118,Matthew Moore,kaduna,Phone,77,204517,15747809.0,2025-01-20,Direct,bdd151b0-f64a-46ec-b0a5-648eefe9b3d0
119,Evelyn Galvan,Niger,Monitor,7,41671,291699.66,2025-06-10,Direct,c11bd1c4-ffe3-4366-bf33-7a151e086f20
120,Sharon Cochran,Katsina,Keyboard,47,289373,13600531.0,2024-10-23,Retail,b2149062-3e1a-463e-aa18-d32c7a9a8ef5
121,Richard Rodriguez,Kano,LAPTOP,47,157889,7420783.0,2024-03-29,Wholesale,6589ada1-345a-4934-b42a-2d939aba0f15
122,Shannon Walker,Benue,Monitor,47,293384,13789048.0,2025-04-25,Direct,52555c75-8d55-419e-bd44-cb2cea45ba41
123,Julia Torres,Benue,Charger,47,47803,2246741.0,2025-06-27,Wholesale,775c30b5-6173-4c48-8876-9153c68813fe
124,Crystal Johnson,Katsina,Keyboard,47,196041,9213927.0,2024-09-20,Direct,4ef4c34d-5bf8-4f3c-a612-9a1c889d4b76
125,Garrett Lin,Ekiti,Headphones,47,264253,12419891.0,2023-08-11,Wholesale,e1fff6c0-8347-41da-9c11-ab6d42f5b3f5
126,Diana May,Bauchi,Monitor,47,142972,6719684.0,2025-04-11,Online,cd8563ca-193e-438d-b74c-0afa7f4d908c
127,William Herrera,anambra,Headphones,47,195336,9180792.0,2025-05-11,Direct,
128,Ashley Waller,Imo,Tablet,47,226895,10664065.0,2023-08-02,Retail,c2fa1da8-7830-4631-b8f0-188efb37afae
129,Victor Baker,Lagos,KEYBOARD,56,86529,4845673.84,2023-09-12,Direct,340029c3-ea11-405b-91fa-cefad6f89f7a
130,Jeffrey Chandler,Rivers,Keyboard,47,85981,4041107.0,2023-08-15,Direct,0bb401e7-69f7-43f1-901b-a8515ee68495
131,Matthew Moore,Imo,Monitor,47,157889,7420783.0,2024-11-20,Retail,bdc2b74b-38a5-4b49-9d34-aa1890019ed4
132,Larry Dixon,Anambra,Tablet,47,18219,856293.0,2025-02-28,Direct,8da5d39b-42c2-4797-8426-fcc9255b30e2
133,Kenneth Scott,Sokoto,Charger,47,230733,10844451.0,2024-09-30,Online,b852b3cd-9442-45e6-9583-1d58ef4c5119
134,April Frost,Rivers,Camera,6,195863,1175180.82,2024-02-01,Direct,32399ffb-2704-4f25-8b91-b8cb6ae66582
135,Michelle Harmon,Borno,Laptop,47,70049,3292303.0,2024-11-27,Retail,91ddb9bf-613d-4de9-bae2-802354720d2d
136,Helen Jones,niger,Tablet,8,221736,1773892.88,2023-12-21,Direct,8cf6e8b8-7fd2-48c3-bee8-2983d5574241
137,Erin Edwards,Kaduna,KEYBOARD,47,255174,11993178.0,2025-02-25,Wholesale,566a9ce7-af52-4b94-b186-e47aa7946320
138,Michelle Evans,Ekiti,Camera,28,11670,326782.96,2024-09-27,Online,7d1645a0-d253-4966-836b-9a0a41e02a89
139,Jason Powell,Lagos,Keyboard,47,276480,12994560.0,2024-05-29,Direct,bd5609c4-a446-4663-b93b-17fbf76d15fd
140,Cameron Fisher,Anambra,Monitor,47,125656,5905832.0,2024-11-02,Direct,bb96f602-2b11-4c36-b5f8-e3a87d97ac0f
141,Megan Orr,Bauchi,Charger,16,157889,2526224.0,2024-11-18,Retail,
142,Elizabeth Kelley,Kaduna,Phone,47,251362,11814014.0,2023-08-03,Wholesale,23d4526b-2b54-4f7a-9a28-37b2cb8383f2
143,Dustin Jordan,Bauchi,Keyboard,56,280209,15691749.92,2024-07-31,Retail,2f1dc121-7d02-4c6d-8bea-75c1b86677aa
144,Matthew Moore,Rivers,Charger,47,11383,535001.0,2025-05-31,Wholesale,fd85d7fa-8ac9-4b01-a3ad-64d4eab9eb02
145,Mary Marshall,borno,HEADPHONES,47,250942,11794274.0,2024-11-09,Retail,862138ad-0f09-405c-b50d-7a37a44d9fec
146,Daniel Kennedy,Bauchi,Keyboard,47,236494,11115218.0,2024-09-06,Direct,13075157-d8c1-48e7-96cd-315508a8ac7f
147,Rebecca Jackson,Katsina,Camera,47,56300,2646100.0,2024-02-20,Direct,0c6b7074-ab10-4c9b-9168-2e09f1f7d904
148,Jose Schultz,Enugu,Charger,46,224826,10342017.16,2024-11-20,Online,2332a50e-6992-496e-81a2-5ed1c3abb5f1
149,Robert Potter,Oyo,Tablet,47,261751,12302297.0,2024-03-01,Direct,116658ce-3b3f-4800-a175-a9c3d7b102a9
150,Courtney Gonzalez,Osun,Charger,47,87195,4098165.0,2024-07-20,Direct,37fe032c-0257-4851-a6a9-e100b509109b
151,David Alvarez,Kaduna,Tablet,47,157889,7420783.0,2024-01-17,Direct,0f79a8a7-5f8a-44bd-b4bd-0c938177b661
152,Angel Perry,Imo,Tablet,47,11721,550887.0,2025-03-27,Direct,ef145064-aab0-4015-a342-2e509e2a7324
153,Cheyenne Horton,Bauchi,PHONE,47,89868,4223796.0,2025-03-29,Direct,a8c6dbc0-7bb3-447b-a9aa-144b9dd43675
154,David Douglas Jr.,lagos,Camera,47,181033,8508551.0,2024-12-24,Direct,883f13c6-01b1-48e9-8406-ff447ce40679
155,Patricia Rodriguez,Katsina,Laptop,47,278572,13092884.0,2024-05-21,Direct,
156,Christopher Rubio,Sokoto,Camera,47,100845,4739715.0,2024-02-27,Direct,04482a22-0308-4a5e-a94d-7b008d388327
157,Matthew Moore,Cross River,Monitor,47,136577,6419119.0,2024-06-27,Direct,892621df-4655-48b7-b8e1-9f568787ea21
158,Amber Wright,Lagos,Keyboard,47,192573,9050931.0,2023-09-05,Online,80913ac1-0463-450e-8964-6b96fa3c1628
159,Joyce Solis,Rivers,Camera,47,157533,7404051.0,2024-12-26,Wholesale,6e3a0ba8-ac8d-4c7d-b2a6-e468d02b1243
160,Victoria Larson,Osun,Keyboard,47,266833,12541151.0,2023-08-26,Direct,2de46e91-e8e6-4840-b090-f5a0ce610199
161,Stephanie Salazar,Borno,KEYBOARD,47,157889,7420783.0,2023-11-10,Direct,863e1f2a-18a8-46ef-ab05-3fc41b656dab
162,Kathy Rivas,Delta,Keyboard,56,40692,2278801.28,2024-06-16,Online,9ea9f508-3122-4592-bdb0-2235261e2555
163,Stephanie Manning,abuja,Phone,47,151511,7121017.0,2024-05-28,Online,5abca6e5-d0b1-43eb-809e-7a8086c5d1d6
164,David Wright,Delta,Laptop,47,82214,3864058.0,2024-07-21,Retail,143a9aff-659b-4105-8b80-f288446f64dd
165,Pamela Boyd,Plateau,Tablet,68,242739,16506303.68,2024-07-05,Wholesale,7580e050-67f1-498c-b594-8a545f804eeb
166,Denise Jones,Kano,Camera,47,99539,4678333.0,2023-12-16,Retail,b27e1442-fd7f-4973-be42-df5b90a3fbbf
167,Devon Flores,Kano,Monitor,47,219470,10315090.0,2024-03-31,Direct,d3fbe043-af1d-4a1a-8ccb-235539d1c7ff
168,Brenda Hall,Cross River,Camera,47,194661,9149067.0,2024-10-24,Online,fdde64af-a75b-495a-94a3-4f7fd90dd19b
169,Michelle Brown,Kano,TABLET,100,215720,21572015.0,2023-10-30,Direct,
170,Matthew Moore,Imo,Charger,47,4718,221746.0,2024-03-09,Direct,081c79d4-c274-47eb-a65f-7b8adbb44021
171,Joshua Perry,Oyo,Keyboard,82,157889,12946898.0,2025-05-10,Wholesale,608e2f5c-6117-4270-a7c0-518b17efa621
172,Jason Stein,oyo,Charger,47,101465,4768855.0,2025-01-18,Direct,a301ec03-0e5d-4c6a-b9db-78628d7dd772
173,Melissa Gates,Cross River,Monitor,47,88859,4176373.0,2024-03-15,Online,152aeaec-2bdf-4b41-b3ed-a8f1026b5383
174,Jamie Smith,Imo,Charger,47,202483,9516701.0,2025-01-31,Online,a518a418-6f14-43f6-9867-888b7ff6b824
175,Paul Castaneda,Kaduna,Charger,83,58351,4843200.23,2025-05-09,Online,fa323f69-90db-4ad6-94ce-26bec8cce2c2
176,Jennifer Adkins,Anambra,Keyboard,31,183480,5687906.97,2024-04-04,Wholesale,e5110961-1869-4217-b94d-8fcbdba3496f
177,Lindsey Walker,Bauchi,TABLET,47,191798,9014506.0,2024-05-15,Retail,3ad1fa33-0ae4-4c11-ab4d-8f42873570a2
178,Jeffrey Johnson,Katsina,Tablet,26,121944,3170553.62,2023-10-20,Direct,b139c476-de3c-488b-a6b9-d31a361f6d90
179,Michael Powell,Niger,Tablet,78,128597,10030575.36,2025-02-20,Direct,45667c48-79ba-430a-9118-c400e336c243
180,John Anderson,Enugu,Camera,47,98714,4639558.0,2024-04-23,Direct,af36b8cc-1308-4974-ac95-b3ac0beb7c34
181,Alyssa Long,imo,Laptop,10,157889,1578890.0,2024-08-13,Direct,8b040f53-e639-49d4-87c6-8688ecf32053
182,Alyssa Day,Enugu,Camera,47,120549,5665803.0,2024-09-19,Direct,2dea2d2d-086c-405f-a879-d8f890422eb7
183,Matthew Moore,Borno,Charger,47,29067,1366149.0,2023-10-01,Retail,
184,Joel Williams,Benue,Laptop,47,294514,13842158.0,2024-03-14,Direct,04022b3c-5082-41a5-99b5-9f84edc3a1c3
185,Daniel Murphy,Osun,HEADPHONES,47,143497,6744359.0,2024-01-14,Wholesale,24e9bcfd-9647-4f9f-b508-507af622d842
186,Jamie Walton,Ekiti,Camera,47,280779,13196613.0,2024-07-07,Direct,d226a8b3-b674-410d-9218-c9d6c093bfb0
187,Darlene Miller,Bauchi,Camera,47,2545,119615.0,2023-10-14,Direct,4c9d6907-13b2-4cec-adca-bf9465f6ba53
188,Joshua Cooke,Ekiti,Keyboard,47,115380,5422860.0,2024-02-03,Direct,9112fbc0-3d8f-45f4-905f-9096299656e2
189,Matthew Harrington,Rivers,Tablet,47,134297,6311959.0,2024-06-24,Direct,ad5229dd-639f-4471-9975-0f00d5aba8ae
190,Nicole Herring,delta,Tablet,41,80464,3299056.8,2024-01-19,Retail,6243bed7-54ec-4f33-8a62-4cbde582b678
191,Alex Hernandez,Delta,Laptop,57,157889,8999673.0,2023-10-28,Wholesale,ca5e151b-23d3-4d4c-bd5f-f093c16f9bcc
192,Michael Elliott,Kano,Camera,47,99222,4663434.0,2023-09-24,Online,1413d64d-b962-48a7-b076-a7dcfd0ce433
193,Michael Wang,Sokoto,TABLET,47,174947,8222509.0,2023-08-19,Direct,588a3f87-f96d-40f8-bed6-3da08033f5c2
194,Lawrence Adkins,Lagos,Camera,47,172076,8087572.0,2024-02-21,Online,3b6dca0d-6fe5-440b-9901-ef870dbf0caf
195,Robert Oconnell,Plateau,Charger,47,78835,3705245.0,2024-05-04,Wholesale,9aec56a8-5731-4609-9375-ee90d6b361e4
196,Matthew Moore,Imo,Headphones,65,108185,7032080.25,2025-05-12,Direct,9879cf35-f471-4986-9d26-4599c4dd8df5
197,Alexander Collins,Delta,Tablet,47,71272,3349784.0,2024-10-30,Online,
198,Tina Sanders,Plateau,Phone,58,200501,11629112.52,2024-05-30,Online,538d6b8c-c607-41e9-b80b-2cea658e54a2
199,Angela Vaughn,delta,Headphones,47,139885,6574595.0,2024-01-19,Retail,c8969c5b-45f8-428d-a255-e1bb07958c1f
200,Ashley Barton,Lagos,Tablet,37,48335,1788402.03,2025-05-13,Wholesale,3a67470c-7d98-402f-b357-41e5fe1a1ba9
201,Lindsay Martinez,Kano,PHONE,83,157889,13104787.0,2025-06-10,Wholesale,601bfbcb-f0ee-4cce-8d93-e14a5b167158
202,Dr. Hannah Patterson,Abuja,Phone,47,205979,9681013.0,2023-11-12,Wholesale,95fbe976-ae00-4b7e-af8c-83e56e8d9644
203,Jonathan Peterson,Delta,Tablet,47,276970,13017590.0,2025-04-02,Direct,c5acc354-15f0-4cb4-a14c-721da921cb4c
204,Samantha Garcia,Kano,Headphones,47,266396,12520612.0,2024-03-21,Retail,3f175534-cc4d-4819-8b9d-fd589e5d9c7a
205,Madison Poole,Abuja,Keyboard,47,231067,10860149.0,2025-07-05,Direct,4499d0a6-1500-4170-92d1-5585b68e47fa
206,Jessica Gross,Sokoto,Laptop,47,207241,9740327.0,2024-10-01,Direct,c8ad0899-b630-494d-a147-adeb277b0667
207,Debra Morton,Kano,Phone,47,191794,9014318.0,2025-01-21,Wholesale,63be441d-bd5a-4c9e-a77e-b0aaa247541d
208,Karen Graham,bauchi,Tablet,47,282220,13264340.0,2024-03-09,Direct,176de21f-1b46-4bdc-9c56-d9bc5111d31d
209,Matthew Moore,Delta,KEYBOARD,47,110579,5197213.0,2023-12-05,Online,71da35b9-4eea-4db8-b165-d77901547950
210,Debra Christian,Anambra,Keyboard,65,66644,4331882.75,2025-02-22,Direct,1a2bd69c-450f-49ee-82e7-9a985c238d8d
211,Angelica Keith,Cross River,Keyboard,47,157889,7420783.0,2023-11-11,Direct,
212,John Bishop,Enugu,Charger,47,287229,13499763.0,2024-08-01,Wholesale,6e54ac6d-2ff8-487e-9659-1c8921ebfaa9
213,Allen Rosales,Imo,Headphones,92,143715,13221824.16,2024-08-13,Online,832f52c4-8e03-40cf-8e96-922772e76b51
214,Daniel Salinas,Oyo,Phone,47,136766,6428002.0,2024-07-07,Wholesale,16f142a2-06b9-49aa-9a71-67c768759545
215,Spencer Haynes,Plateau,Tablet,23,296656,6823110.31,2024-08-01,Online,98d00c2c-17d3-4f32-8de1-596c5a9a206a
216,Adam Vaughan,Plateau,Keyboard,47,112400,5282800.0,2025-05-23,Online,dd1ca267-530d-4da6-88d0-f9e5991965ea
217,Nathan Freeman,cross river,LAPTOP,47,210731,9904357.0,2024-03-06,Online,69ef74e3-4ab6-421c-8328-c136629ef3d8
218,Melissa Brewer,Delta,Laptop,47,273882,12872454.0,2024-07-31,Wholesale,b98f5dbe-15ae-4e0f-8777-a07f6346d4ef
219,Ricky Davis II,Cross River,Monitor,79,227326,17958791.92,2023-07-29,Online,fe2390f3-e7bb-4efc-8f3d-c97fe6b0da0a
220,Elizabeth Perkins,Niger,Keyboard,47,240697,11312759.0,2023-09-18,Retail,85671b58-926b-4fa5-be24-5fbffa698cd2
221,Joseph Coleman,Enugu,Laptop,47,157889,7420783.0,2024-05-11,Retail,2b64777c-6177-4771-af70-de702b69c95e
222,Matthew Moore,Rivers,Phone,47,247768,11645096.0,2024-08-06,Direct,44b64ec1-4d16-4049-84d7-df9a238b05b7
223,Erin Warner,Rivers,Headphones,47,228676,10747772.0,2024-06-30,Retail,2ace1aa9-1032-46b3-a55b-fc1c7e3d5ee4
224,David Martinez,Niger,Headphones,47,204262,9600314.0,2024-01-13,Direct,4cbc9044-6bcd-4ce7-86a5-6fe86f46f1b1
225,Bryan Herrera,Osun,TABLET,47,178946,8410462.0,2023-12-25,Retail,
226,Cathy Robinson,niger,Laptop,47,236317,11106899.0,2024-10-06,Wholesale,5c72aebd-13b1-4e59-885c-d7147bf69552
227,Dr. William Warren,Niger,Camera,47,157889,7420783.0,2024-04-10,Direct,b88cddde-3f20-46c2-b1b8-8d65406f64d6
228,Brian Lee,Ekiti,Laptop,47,158687,7458289.0,2023-08-17,Direct,9dde0188-9803-422e-beec-e88da002352a
229,Christopher Smith,Abuja,Monitor,47,108854,5116138.0,2023-08-19,Direct,22af711f-1b62-4a9d-b536-6b9f320f72c0
230,Denise Mccann,Rivers,Camera,47,275214,12935058.0,2024-02-14,Retail,654c11d9-f2e6-4828-81bb-819c4dfe1117
231,Melissa Martinez,Abuja,Monitor,78,157889,12315342.0,2024-07-29,Direct,614077d3-9ec4-4a48-9773-f98d550c2fe9
232,Katherine Salas,Benue,Keyboard,43,34106,1466580.79,2024-10-17,Retail,70b27304-545c-488d-9cb9-075ecdd7f460
233,Julie Alexander,Sokoto,KEYBOARD,47,248717,11689699.0,2025-05-26,Retail,d2d33488-d0c3-4018-ae3c-dd4f55b145e4
234,Anthony Everett,Rivers,Tablet,47,270915,12733005.0,2025-04-25,Direct,982a2277-f966-459f-a6aa-59e5dc08bf29
235,Matthew Moore,delta,Monitor,47,61045,2869115.0,2024-11-30,Direct,9a6c0db9-5217-4c88-8ce9-53a722d90db3
236,Rodney Morales,Enugu,Tablet,47,161229,7577763.0,2024-12-14,Online,7aa061e9-336b-40cb-b1fe-ad13f280df1d
237,Mark Brown,Enugu,Phone,51,49778,2538722.88,2024-07-10,Direct,65f30779-f6ee-4cdb-ad79-a2d1506e50c7
238,Justin Torres,Imo,Laptop,47,256418,12051646.0,2024-02-17,Retail,bc20b9f2-4a9c-489e-91b3-0182f7fe604f
239,Bailey Duran DDS,Ekiti,Camera,47,132831,6243057.0,2024-08-30,Direct,
240,Courtney Mills,Oyo,Camera,47,204248,9599656.0,2023-07-17,Direct,f7bf5244-7db2-47aa-a205-e54fb1e8c09d
241,Jeremy Dalton,Niger,TABLET,47,157889,7420783.0,2025-04-29,Direct,536d47d7-3e0f-44ce-882f-78fd936cd31c
242,Elizabeth Oliver DDS,Kaduna,Laptop,47,215216,10115152.0,2023-10-02,Direct,c92e8c93-d105-48d6-87c1-c01760452909
243,Theresa Clark,Anambra,Headphones,47,146903,6904441.0,2024-06-09,Online,ee9bf3e1-1d27-409a-9d71-a89864976593
244,Matthew Moore,ekiti,Camera,47,269717,12676699.0,2023-10-23,Retail,ff4cc10f-979c-40cf-b326-1887905881df
245,Benjamin Smith,Delta,Headphones,47,133922,6294334.0,2025-05-26,Retail,c4829b71-ae84-481c-ae0f-b5b38bae591e
246,Kirk Carter,Kano,Laptop,47,17162,806614.0,2024-02-01,Wholesale,ba2aa7ba-f3f8-4c31-86e3-f9498cd34c62
247,Michael Warner,Ekiti,Headphones,47,40017,1880799.0,2025-01-26,Online,35ab8466-b557-4b00-b166-cdcf762cdfbc
248,Matthew Moore,Imo,Phone,47,124919,5871193.0,2024-04-20,Direct,d4cee27c-4a94-4e9f-8c35-1e4f703e957f
249,Michael Bradshaw,Rivers,MONITOR,40,169391,6775656.0,2025-02-23,Online,d908a121-d1a7-4a20-91b4-61e9b15da72d
250,Lori Guerrero,Abuja,Keyboard,47,167859,7889373.0,2024-05-19,Direct,ac484366-68bd-40d7-8b88-1c32cbb02a8b
251,Jessica Stephens,Imo,Keyboard,47,157889,7420783.0,2024-04-20,Retail,4d8670bd-a222-4f96-a3a1-3e207fd255ee
252,Susan Serrano,Lagos,Tablet,25,201993,5049848.25,2023-08-15,Wholesale,2775ee42-a89e-42f2-80af-bf3f3df51967
253,Christopher Parker,kano,Phone,18,92796,1670342.04,2024-05-17,Wholesale,
254,Laura Roberts,Delta,Camera,47,7020,329940.0,2023-08-19,Retail,6082786f-ca00-4f58-ac52-1d13b719bb68
255,Michael Lyons,Kaduna,Tablet,47,76709,3605323.0,2024-09-25,Direct,9912316a-fd9e-4e20-b2f6-095812ef6101
256,Kathryn Snyder,Niger,Tablet,47,1403,65941.0,2024-09-19,Online,88cc4d49-669b-49b8-950d-f1a07aaf2001
257,Andrew Reynolds,Cross River,KEYBOARD,47,65761,3090767.0,2023-12-09,Wholesale,dea050c6-eb9e-4274-ac6a-37ad81b15db9
258,David Davis,Cross River,Laptop,47,22372,1051484.0,2024-04-17,Direct,09697101-8b2c-450a-ab15-c11bb113d50b
259,Sara Johnston,Enugu,Camera,47,127397,5987659.0,2024-09-12,Direct,b39e4df2-5c0a-4feb-b7ea-e66eca6caf9b
260,Yvonne Chambers,Benue,Tablet,47,210265,9882455.0,2024-02-20,Wholesale,98049562-8972-4bbd-8ff2-b1c4e53f9644
261,Matthew Moore,Abuja,Camera,49,157889,7736561.0,2023-09-06,Direct,1bffa279-15c1-404f-aa16-3354a35fc9c1
262,Andrew Avila,kaduna,Monitor,21,162578,3414147.87,2024-05-06,Direct,aa2960fd-a858-44df-bf8c-1097c4da2c2e
263,Matthew Moon,Benue,Laptop,47,18546,871662.0,2024-08-05,Direct,9cd8758b-a5a1-4825-aa95-28c35ae1dbad
264,Kevin Walters,Lagos,Camera,47,268318,12610946.0,2024-06-24,Direct,a520c3d0-fbcd-4f5e-902f-34650b570720
265,Brandon Bailey MD,Benue,HEADPHONES,57,295848,16863342.27,2025-02-23,Direct,f780ef2f-664d-4922-a590-fd3cad6ecc57
266,Shannon Rivera,Anambra,Tablet,47,141885,6668595.0,2024-09-10,Online,cbd5cc86-f739-46e9-94e3-8579c0afd193
267,Donna Landry,Ekiti,Headphones,47,86483,4064701.0,2024-02-13,Wholesale,
268,Krista Gibson,Borno,Laptop,47,54404,2556988.0,2025-04-12,Wholesale,193e4783-02b3-4254-9b1f-2eb16e3255a8
269,Frank Cordova,Niger,Phone,47,41060,1929820.0,2024-11-06,Direct,bf31c29f-82bb-4d84-b8d5-101f423cad9d
270,Jose Travis,Imo,Headphones,47,192636,9053892.0,2024-12-20,Direct,b00ac64c-949c-48d4-8ed8-a80d84cfee39
271,Kimberly Gutierrez,cross river,Tablet,58,157889,9157562.0,2024-10-27,Retail,5fc64cd0-721e-4b1f-b895-89399342a09f
272,Isaiah Avila,Oyo,Tablet,69,218922,15105632.49,2023-10-11,Wholesale,adf75924-c5b8-486b-b68b-4f7e64215e66
273,Olivia Harris,Enugu,KEYBOARD,47,289152,13590144.0,2023-10-18,Direct,2697384d-801e-4690-b0c0-7fcc96add4df
274,Matthew Moore,Borno,Laptop,47,112651,5294597.0,2023-09-24,Direct,7b96e2d1-0649-4cf6-bf69-723d584fc85b
275,Tanya Kim,Enugu,Keyboard,47,267454,12570338.0,2024-05-11,Online,eba900e1-6a7d-4d96-8ba1-72331ac3bf31
276,Barbara Dudley,Abuja,Tablet,47,134836,6337292.0,2024-04-25,Retail,d4d13d55-1db6-4844-95fa-9483f633cc2d
277,Cynthia Moore,Plateau,Monitor,47,275175,12933225.0,2025-03-19,Wholesale,592c1107-2444-4301-baeb-286bf0d0270f
278,Kristen Davis,Imo,Tablet,47,113560,5337320.0,2024-03-30,Online,c8c5eb2a-7490-4deb-97d3-37d34fd80bbb
279,Susan Murray MD,Abuja,Keyboard,47,24534,1153098.0,2024-09-16,Retail,592a3549-7ba1-49d0-8567-c80534f541c0
280,Kathleen Moran,sokoto,Keyboard,54,289261,15620106.96,2025-07-09,Wholesale,b8d49848-702b-449f-98fd-d2b979e5c9aa
281,Denise Davenport,Abuja,LAPTOP,47,157889,7420783.0,2024-04-19,Online,
282,Mrs. Kristen Reyes,Abuja,Phone,47,262428,12334116.0,2025-02-16,Retail,1132567c-51a4-4d2a-b3d3-9457b25f13df
283,Katie Suarez,Plateau,Monitor,47,40330,1895510.0,2023-10-31,Wholesale,b5f59cb0-cf68-4878-8b70-59334cde1b6b
284,Desiree Tyler,Cross River,Charger,47,258155,12133285.0,2023-12-12,Retail,57d3f4dd-d963-4c72-85c8-234b1d763a66
285,Timothy Romero,Bauchi,Tablet,71,36030,2558174.73,2024-10-20,Direct,ccd015c1-ad59-40dd-9bff-3142a5e15b55
286,Diane Evans,Bauchi,Phone,47,297857,13999279.0,2024-08-09,Direct,bd90b81a-fbe0-46b8-ae0f-65a82a131c1f
287,Matthew Moore,Kaduna,Laptop,47,118221,5556387.0,2024-05-17,Direct,8d49fe3f-2ca8-4783-8418-2d353e711433
288,Yvonne Burns,Abuja,Camera,11,38640,425044.95,2024-08-02,Direct,6d268b37-8f52-42d3-94bb-bcf828fea761
289,Joshua Reed,bauchi,PHONE,47,293627,13800469.0,2023-08-11,Retail,cc39b925-3b5a-4288-b649-2e64f55dce6d
290,Kimberly Gibson,Kano,Tablet,66,250529,16534918.62,2023-08-15,Direct,2fb70dab-2f38-4b43-a137-f8e467b13040
291,Colin Terry,Kaduna,Phone,56,157889,8841784.0,2023-08-10,Direct,6544e313-6ea0-4d13-a845-54c3a3f66c61
292,Cynthia Rowe,Kano,Headphones,47,226975,10667825.0,2023-10-25,Direct,e212ab7c-9d36-4cb6-bcc5-7be00779250a
293,Patrick Thornton,Katsina,Keyboard,45,293557,13210108.2,2025-01-15,Retail,6df72cd3-979a-4051-b317-591a3283daa4
294,Jasmin Alvarado,Kano,Keyboard,54,139169,7515162.18,2024-03-25,Direct,36fce0ac-b469-4db3-8123-a348638abdf6
295,Veronica Simpson,Delta,Tablet,47,215868,10145796.0,2025-03-26,Direct,
296,Jonathan Lawrence,Benue,Headphones,48,127526,6121264.32,2024-07-12,Retail,b4299924-c098-4750-8741-9b4834ae4abd
297,Shelly Alexander,Rivers,MONITOR,50,114093,5704665.0,2024-08-17,Direct,93cd1291-1004-4d82-8bc7-2f1acf08ea54
298,Joyce Bowen,plateau,Keyboard,48,69284,3325650.72,2024-06-29,Retail,89718eea-df3a-498a-8cac-2fb51a0c6c04
299,Matthew Moore,Delta,Laptop,47,138457,6507479.0,2023-11-03,Direct,327375bf-5373-4f4d-9da4-9cb92fdc9992
300,Matthew Moore,Plateau,Keyboard,47,46958,2207026.0,2024-10-23,Wholesale,abb316a7-4329-4780-9d2c-272175220646
301,Wayne Morgan,Katsina,Charger,47,157889,7420783.0,2025-06-03,Retail,f7464c02-8718-44c1-bd4e-d26edcd5bfae
302,Marie Christian,Abuja,Monitor,19,56949,1082048.1,2024-08-14,Retail,637ddcd6-98d3-448b-903b-4078a39c9ec6
303,Shannon James,Katsina,Charger,47,262624,12343328.0,2023-10-27,Wholesale,1d3e503a-9645-40e4-a47d-c3929c7eb575
304,Nathan Malone,Kano,Charger,47,229764,10798908.0,2024-03-21,Direct,753659ef-d873-4ad9-9a1b-af0e591196dc
305,Amanda Jones,Niger,LAPTOP,47,10149,477003.0,2025-07-03,Direct,ac7051d1-d051-467f-ac2a-c34b9e0b7b01
306,Tammie Bright,Plateau,Headphones,47,198229,9316763.0,2024-10-29,Online,eb2ec80e-4c25-4823-8cf4-ffb0b4bba73f
307,Jessica Garcia,plateau,Charger,79,184669,14588890.5,2024-03-14,Wholesale,ac0f6801-15b2-4e1d-9715-46339d4edb71
308,Shelia Wallace,Bauchi,Monitor,11,280903,3089935.86,2023-11-14,Online,3d131a3d-1e2c-4e7d-902c-f0ee224a66a6
309,Stephanie Williams,Sokoto,Keyboard,33,266767,8803340.04,2024-05-11,Direct,
310,Elaine Brooks,Anambra,Tablet,47,72579,3411213.0,2024-10-31,Retail,5f90fc87-2edc-417e-9df0-5d184e2d6255
311,Joseph Knight,Enugu,Monitor,47,157889,7420783.0,2025-02-04,Retail,63725424-82c5-4b21-a430-12dab1850eb8
312,Carolyn Miller,Sokoto,Phone,47,20653,970691.0,2025-04-25,Direct,93267d25-234b-4562-98af-5cca6b11b7cb
313,Matthew Moore,Delta,KEYBOARD,47,178386,8384142.0,2024-02-28,Direct,7c966b55-2f8d-4ded-ac4c-450b623ad0fc
314,Lisa Allen,Anambra,Laptop,47,134209,6307823.0,2024-10-14,Direct,eb4e2281-b184-41fc-8991-b01aa2b03c4b
315,Briana Murray,Benue,Charger,16,201771,3228337.28,2024-03-28,Direct,2c591da8-fff9-4acf-ae42-05eea52fc3ec
316,David Smith,oyo,Tablet,47,261727,12301169.0,2024-08-08,Direct,49f1137d-7d59-4e19-aab7-b2ef8e0ec033
317,Stephanie Byrd,Borno,Charger,47,73797,3468459.0,2025-04-14,Direct,d78c57d3-5088-40d3-afe5-b14023ea7956
318,Jeremy Reed,Ekiti,Laptop,59,13748,811185.1,2024-08-09,Direct,dd92dd7c-0db9-47a9-9e91-a71c7374ccbf
319,Margaret Coleman,Sokoto,Monitor,47,131969,6202543.0,2024-08-27,Direct,7c0f549d-0274-4f73-b3ab-ea0d5be9fdb3
320,Ryan Gonzalez,Kano,Phone,47,162158,7621426.0,2024-07-25,Direct,624a2a50-d0b1-4de0-b1f3-f0c022f3f068
321,John Young,Lagos,KEYBOARD,47,157889,7420783.0,2025-01-11,Retail,a72f947d-8164-42cb-8fc3-d7d3f6bd80c7
322,Laura Haney,Ekiti,Monitor,47,226438,10642586.0,2024-09-20,Online,7de1bf5d-af48-47f0-a8bd-075b7eb6581e
323,William Barrett,Katsina,Phone,47,232931,10947757.0,2024-02-28,Direct,
324,Keith Jennings,Plateau,Camera,47,42470,1996090.0,2024-07-13,Online,71a0449d-d703-462f-b5cb-e3f56a66c184
325,Amber Obrien,rivers,Charger,55,298048,16392655.95,2025-04-04,Retail,90bde900-1529-46f5-aad1-1fe87d1b695e
326,Matthew Moore,Kano,Keyboard,47,70631,3319657.0,2023-07-23,Wholesale,38749f3c-c2d4-4b56-8bbe-d98007e67cb0
327,Tanner Mitchell DDS,Imo,Keyboard,47,274960,12923120.0,2024-04-22,Online,398f569b-465c-42cb-885e-b4894ac66780
328,Heather Fields,Enugu,Phone,54,173045,9344432.7,2024-03-24,Wholesale,c7de96ea-2b0f-4e44-89e6-4c2289a0b7eb
329,Megan Le,Bauchi,CAMERA,47,173453,8152291.0,2024-12-15,Retail,c5c5ae8a-be15-4d12-90ce-77e9751303b9
330,Sara Fuller,Anambra,Tablet,47,231875,10898125.0,2023-10-04,Direct,82c42e48-8cba-4ae5-becc-daf4c4134dc2
331,Maria Parker,Oyo,Headphones,47,157889,7420783.0,2024-05-29,Wholesale,44945e09-1d3c-45a4-929d-63771cfb655f
332,Kevin Oconnor,Osun,Tablet,47,245605,11543435.0,2024-10-06,Retail,fdab3441-d2c2-4960-8b09-01abc66dceb3
333,Edward Burgess,Kano,Keyboard,47,71452,3358244.0,2024-03-05,Direct,c1bcbe59-d296-412d-8ac3-5ac45deaa737
334,Carlos Ryan,delta,Keyboard,71,262939,18668695.27,2025-03-20,Direct,70fd6672-b80f-46c5-828f-a16b0aa6fcb9
335,Kiara Mcintyre,Osun,Laptop,47,295715,13898605.0,2025-06-08,Direct,6cd6f011-fd61-413b-b7f2-5d368bddcee3
336,Dawn Summers,Borno,Phone,47,156614,7360858.0,2025-01-24,Direct,a757075b-d47f-43b1-bc69-c1551a37f6bd
337,Dr. Paul Morgan,Kaduna,CAMERA,47,124361,5844967.0,2025-05-18,Direct,
338,Victor Taylor,Ekiti,Headphones,47,82908,3896676.0,2024-12-26,Online,dff389aa-4c36-470c-bf5e-3b8cc0582da5
339,Matthew Moore,Imo,Tablet,47,167237,7860139.0,2024-11-10,Direct,4347dbca-7321-48b2-8840-405affd2f491
340,Shannon Ramsey,Borno,Phone,47,177704,8352088.0,2023-07-31,Online,164484a0-d115-4fff-9cb9-1d5f593c572b
341,Tracy Ballard,Katsina,Monitor,47,157889,7420783.0,2024-10-16,Wholesale,1e0d02b5-fe74-42cd-9d83-ad037066e289
342,Richard Smith,Bauchi,Laptop,47,220696,10372712.0,2024-07-13,Direct,35ba9357-3ca8-4f31-8fd7-f3b9c68fcba5
343,Jordan Chambers,lagos,Camera,47,52952,2488744.0,2024-02-02,Wholesale,b06b0f0c-9682-4e22-bcd4-344fcf8a368e
344,Lauren Carson,Imo,Laptop,47,203785,9577895.0,2024-12-01,Direct,9c3a1e0b-b5f3-48aa-9c6d-afff59c2f153
345,Ashley Hall,Borno,KEYBOARD,18,166977,3005590.86,2025-03-10,Online,9dbc15c0-2a7d-457c-ad9c-5b50a1fd4187
346,Stephen Hoffman,Rivers,Laptop,47,14541,683427.0,2025-03-04,Direct,d0437e4c-34e5-4699-88eb-e27a23a4e70e
347,Connie Brown,Oyo,Headphones,47,103652,4871644.0,2024-10-02,Direct,91f0647d-0f32-4333-8e31-593734fa32b6
348,Susan Turner,Anambra,Keyboard,47,193173,9079131.0,2024-10-01,Retail,98cbaa52-47f5-4019-8843-8de259cf0b0d
349,Charles Shah,Rivers,Tablet,47,114655,5388785.0,2024-01-03,Direct,fa9fc10e-52da-4681-ab1a-c76c89ecbc51
350,Johnathan Davis,Rivers,Tablet,47,157576,7406072.0,2025-01-21,Online,929ecc92-4a11-4e44-8aea-1b8fb43cde0a
351,Brandy Chavez,Imo,Monitor,24,157889,3789336.0,2023-08-19,Retail,
352,Matthew Moore,oyo,Keyboard,47,209044,9825068.0,2024-10-06,Wholesale,83b0b35c-dba6-4df8-b3d0-4ffb44709848
353,Natalie Bautista,Anambra,KEYBOARD,47,122773,5770331.0,2024-07-18,Online,d0afb235-ade6-4f51-a670-93a0fc48f615
354,Patrick Moore,Borno,Camera,47,90316,4244852.0,2023-11-20,Direct,c0062b5b-f678-49b2-a2b5-f4571860ad28
355,Brett Burns,Katsina,Keyboard,26,55571,1444865.5,2024-08-21,Wholesale,0f2d5c15-eb34-4d3a-a95e-5ea9c9230c64
356,Trevor Johnson,Enugu,Headphones,26,161609,4201847.52,2024-11-10,Wholesale,a7e8d18e-ddf6-44ac-86fe-acd4fe1393cd
357,Jeremy Sampson,Sokoto,Monitor,47,72669,3415443.0,2025-01-21,Online,21f8072d-ddb7-470e-b390-b059207bbe21
358,Ariana Jennings,Enugu,Camera,47,67990,3195530.0,2024-11-03,Direct,5274ee11-b61d-4906-a570-35db3fead90a
359,Vanessa Howard,Anambra,Headphones,47,257333,12094651.0,2025-03-03,Online,d7f34368-c2ef-4ecb-bf5f-bf4fd4176230
360,Colton Martinez,Bauchi,Laptop,33,43733,1443200.55,2025-04-24,Retail,24655c39-7d4d-4add-a488-0945ad1db537
361,Jordan Bates,cross river,TABLET,47,157889,7420783.0,2024-05-01,Retail,a0b85755-44ca-45a2-a1e5-18a293d228d4
362,Linda Smith,Anambra,Monitor,47,139176,6541272.0,2023-11-02,Direct,135508d0-73b5-4ad5-a00b-4b356a0aa7d5
363,Dana Martinez,Abuja,Charger,46,17758,816885.02,2025-04-09,Wholesale,c4d598f7-e14f-4093-8b6a-d0c7a2356dd4
364,Andrea Hubbard,Kano,Tablet,47,124096,5832512.0,2024-12-20,Direct,bff30c8d-83ff-4e96-a721-3a7017d50f59
365,Matthew Moore,Niger,Phone,35,125244,4383543.85,2024-01-15,Direct,
366,Daniel Kane,Anambra,Tablet,47,159232,7483904.0,2023-08-04,Retail,e097dedb-efb3-4939-b1d8-18874739cc7b
367,Charles Lester,Abuja,Tablet,47,116831,5491057.0,2024-09-27,Direct,7cf07bb3-f343-49eb-b466-ef025e7b72c8
368,Scott Thomas,Lagos,Keyboard,47,76871,3612937.0,2025-01-05,Retail,de70bd30-00a2-4367-94fb-09f053c93ae7
369,David Thompson,Sokoto,HEADPHONES,44,99413,4374205.88,2023-10-04,Retail,17d821b8-bb93-4d40-98df-f535c62dbaea
370,Allison Smith,oyo,Keyboard,47,24181,1136507.0,2023-12-06,Retail,a284e8fd-755c-4e2a-b8de-d777bb1e5ae8
371,Cynthia Morris,Anambra,Keyboard,47,157889,7420783.0,2023-07-25,Online,d9a09007-5bb4-4c18-b281-87c4aa055442
372,Anthony Harmon,Kaduna,Charger,47,135211,6354917.0,2024-06-17,Direct,65d0b517-88d0-4abd-8bb1-8c791036708d
373,Nichole Alvarez,Ekiti,Charger,47,111637,5246939.0,2024-03-10,Wholesale,d3293724-6dfd-471a-b7d7-465d37c3b3c9
374,Kayla Rodriguez,Imo,Monitor,55,160922,8850756.2,2024-05-31,Direct,52a74a41-44be-4486-bea5-a387363be5cb
375,Theresa Williams,Niger,Keyboard,47,248907,11698629.0,2023-11-05,Wholesale,8c1c8b05-5677-4f36-8899-8e5fd40e53ce
376,Sharon Boyd,Imo,Charger,47,15935,748945.0,2024-05-26,Direct,da385db5-90ee-4067-a16e-9fe593f37596
377,Victor Brown,Lagos,CAMERA,47,113461,5332667.0,2024-12-28,Direct,e4e751de-57ff-41d9-89ce-44bd7c3f1add
378,Matthew Moore,Rivers,Camera,14,181688,2543636.9,2023-12-16,Retail,0bc2ea72-0c64-4ca2-8323-1466aebbb90e
379,James Parks,kano,Monitor,47,12344,580168.0,2024-05-24,Wholesale,
380,Theodore Jones Jr.,Oyo,Camera,47,22298,1048006.0,2024-08-03,Wholesale,d6321d31-c8ac-4fcf-a04d-4d14197dbae1
381,Ana Hill,Imo,Monitor,47,157889,7420783.0,2025-03-03,Wholesale,edef5003-1fce-41e3-842b-03ca75a72686
382,Kimberly Nguyen,Abuja,Phone,47,241492,11350124.0,2024-10-27,Direct,74de5f70-70f8-4dba-a871-9b9bdb8f0e32
383,Kerry Chavez DDS,Osun,Charger,47,176481,8294607.0,2025-06-24,Wholesale,6d84414d-f541-41ea-bde9-1c42002c4c22
384,Michael Farrell,Plateau,Keyboard,47,201599,9475153.0,2024-07-11,Direct,e8cee951-b047-4ea4-bee5-ce6933cb202e
385,Patricia Le,Imo,MONITOR,58,65496,3798794.1,2025-05-18,Online,4d470ed6-a666-4769-a1d4-6f8221c50e41
386,Jesse Perez,Oyo,Monitor,47,63062,2963914.0,2025-04-29,Retail,e0688849-eec7-4a30-9fda-35b228b2bf21
387,Jesse Perry,Niger,Headphones,47,272156,12791332.0,2025-02-01,Direct,5c457e4d-a793-43b8-97e5-2113462623be
388,Jeffery Ortega,oyo,Keyboard,47,91304,4291288.0,2025-01-25,Online,aa1d3fc6-5f31-473d-9519-830c40198303
389,Christian Leblanc,Abuja,Phone,8,272743,2181950.0,2023-08-28,Wholesale,0d41ee47-2a5f-4a18-a61f-0b96e75f745a
390,Ronald Davis,Borno,Headphones,47,63936,3004992.0,2025-01-09,Retail,b9da5f8c-4e35-4a80-a027-9a186576a410
391,Matthew Moore,Osun,Charger,47,157889,7420783.0,2023-10-26,Retail,6de21429-3bf0-49c1-8156-e501b30e96e8
392,Parker Cain,Abuja,Laptop,47,57412,2698364.0,2024-08-16,Retail,185df528-b425-4e19-9758-d47ea7cde143
393,Laurie Hoffman,Osun,KEYBOARD,87,222571,19363748.34,2023-12-19,Retail,
394,Bryan Gomez,Enugu,Laptop,4,224190,896761.32,2024-09-18,Wholesale,13f3cade-7a10-413f-b6a2-c52b00473139
395,Nicole Parrish,Delta,Keyboard,47,226422,10641834.0,2024-03-19,Retail,84fa4c72-39e7-44f1-97fb-613a21f89d06
396,Tracy Burke,Rivers,Phone,57,274375,15639384.69,2024-12-06,Direct,02106371-0260-4123-b1ef-e72aae13591e
397,Kenneth Lewis,osun,Headphones,17,208840,3550281.19,2024-07-16,Direct,1edf3bfa-d12e-4eb5-97f4-79b5b212a6ee
398,Courtney Rodriguez,Imo,Monitor,47,211278,9930066.0,2024-08-22,Retail,b1ac040d-6c1c-4405-9c3f-42e0fcf7b842
399,Holly Farmer,Niger,Headphones,47,119291,5606677.0,2024-04-28,Direct,3a9c4308-1221-4ddf-ba4a-902f21d63b0f
400,Renee Bruce,Katsina,Laptop,47,72179,3392413.0,2024-03-10,Wholesale,ce532ffd-bb13-4f02-96de-66c96210def6
401,Sabrina Austin,Oyo,KEYBOARD,47,157889,7420783.0,2023-11-22,Direct,5e1885c3-5037-4d6b-9a6b-6a7d1a38aad6
402,Allison Hickman,Delta,Tablet,47,96823,4550681.0,2024-07-02,Direct,61fa01ba-231a-47c7-8c9b-ff5ce1887eaf
403,Debra White,Kaduna,Charger,47,85276,4007972.0,2025-06-18,Direct,dfdf0e05-c0ce-431b-9038-e153c601818b
404,Matthew Moore,Kaduna,Monitor,47,140142,6586674.0,2024-08-28,Online,ad58db1b-fe31-437a-a43e-558c2215df00
405,Ellen Morgan,Niger,Laptop,98,194792,19089619.92,2024-04-01,Online,9033da65-87cf-43fd-9183-6c4f249204c7
406,Sergio Knight,lagos,Charger,74,92872,6872562.78,2024-09-07,Direct,2a038ad4-a667-4982-9c3d-e1b0022b6683
407,Charles Schultz,Kaduna,Monitor,47,108213,5086011.0,2024-04-11,Direct,
408,Paul Lewis,Sokoto,Charger,47,264902,12450394.0,2024-12-16,Wholesale,368acd40-b8f1-4e3c-99e7-703a70aa5b0d
409,Glen Wood,Niger,KEYBOARD,47,140068,6583196.0,2025-03-01,Wholesale,eb7e2e64-26c0-447e-bf8e-8bfaa0c9da72
410,Paula Bradley,Delta,Phone,32,240943,7710194.56,2025-05-14,Direct,714011a1-afc2-4cfc-9db7-284b6965d1d1
411,Anthony Moore,Anambra,Laptop,47,157889,7420783.0,2025-01-20,Direct,e5871d89-1631-4fc6-b79d-58f9dc268108
412,Megan Nelson,Kaduna,Camera,47,216862,10192514.0,2024-12-20,Wholesale,1f873b46-c0a0-473a-a3d7-e6a119b814fc
413,Karla Ramos,Rivers,Tablet,47,228607,10744529.0,2024-11-21,Direct,59fe3d53-624f-4a4b-bae1-e13796ee50e5
414,Paul Wilson,Benue,Camera,72,96409,6941510.64,2025-03-26,Online,ca840003-5083-4fef-adec-6bbdf69777a1
415,Douglas Gregory,abuja,Laptop,47,61336,2882792.0,2024-12-30,Online,a505da9c-46e7-4a2c-bf6e-ed9d23cbe943
416,Mr. Andrew Foster,Cross River,Monitor,47,94220,4428340.0,2024-02-01,Direct,99db1302-8dab-46d3-bf87-dfc2159152f2
417,Matthew Moore,Delta,LAPTOP,47,14191,666977.0,2024-10-26,Wholesale,48f091f0-9b8b-48ae-b89f-3a92999a1d86
418,Aimee Turner,Enugu,Laptop,47,259293,12186771.0,2024-07-21,Online,06ddf6ca-b0c3-4a59-b0f7-ad22c76a8e0f
419,Chad Scott,Ekiti,Keyboard,63,222505,14017820.67,2023-12-07,Direct,e03635fc-a88d-4108-98d9-94b8d90f74e9
420,Adam Burgess,Osun,Headphones,16,5357,85725.76,2024-01-18,Direct,9b5f8f39-848b-44f0-b498-17354d38e415
421,James Padilla,Borno,Tablet,47,157889,7420783.0,2024-02-12,Retail,
422,Sandra Drake,Delta,Phone,47,166216,7812152.0,2024-09-16,Direct,6449cb6f-bf72-4e52-b04b-237082701238
423,Scott Williams,Delta,Phone,57,175417,9998800.35,2024-02-27,Retail,c8a738ab-0df8-4e12-a56b-61e04ba8a4ca
424,Thomas Atkins,lagos,Charger,47,216143,10158721.0,2024-01-01,Direct,3d4574eb-f465-4a21-8b35-097ae5dd98f1
425,Laura Mckinney,Enugu,PHONE,47,88910,4178770.0,2024-02-27,Wholesale,3db788a6-1cdc-44c2-a2c9-65b27eb0f62a
426,Brian Smith,Benue,Tablet,91,59259,5392609.04,2025-02-28,Wholesale,122dd7be-980b-481e-a359-5d1f7fe4a42e
427,Robert Montgomery,Sokoto,Charger,47,69390,3261330.0,2024-02-20,Wholesale,0316d2d6-fa4a-48ef-a383-7348873dc8bd
428,Tamara Davis,Anambra,Charger,47,171151,8044097.0,2025-01-08,Wholesale,51045a16-ef15-4b72-9c70-ee97fca45567
429,Dana Chapman,Kano,Monitor,47,74096,3482512.0,2023-12-18,Direct,d6c6f45c-dc5e-4e78-a307-d4d121c9a15d
430,Matthew Moore,Anambra,Headphones,47,165417,7774599.0,2024-12-28,Direct,8bde005b-5d8b-4bd7-abbd-b66f91816091
431,Jennifer Collins,Osun,Camera,82,157889,12946898.0,2025-01-08,Retail,78946a15-c342-41db-ac3a-acdcaed54a46
432,Gary Jackson,Bauchi,Monitor,47,283067,13304149.0,2024-07-24,Direct,12af97e4-c536-466e-bcc4-091bf45707c6
433,Ashley Hicks,benue,HEADPHONES,29,101600,2946414.5,2024-03-13,Direct,0387f74d-1149-4096-965d-744f0445c1a8
434,Hannah Luna,Imo,Headphones,26,229126,5957289.26,2024-07-17,Wholesale,ec2e2815-0a32-47d2-b73a-edf8431e930f
435,Robin Young,Sokoto,Headphones,47,146842,6901574.0,2024-04-06,Online,
436,Craig Morrison,Lagos,Laptop,47,217205,10208635.0,2024-09-18,Online,65e1b0f5-ca0e-48c4-b2dc-b12b0f7ae302
437,Mary Thompson,Rivers,Monitor,47,222008,10434376.0,2025-07-05,Online,b66edbf4-a0ea-4251-8957-43a281b13b80
438,Kathleen Webster,Anambra,Camera,47,138518,6510346.0,2025-07-05,Direct,6c6f6d2e-6a59-4043-8461-52348044beb2
439,Joann Glass,Kaduna,Keyboard,71,219965,15617534.88,2025-03-19,Online,a3fa4069-1519-4d38-a6fb-a71db3a9dcaa
440,Madison Weber,Plateau,Headphones,79,105976,8372164.04,2025-01-21,Online,271610c1-9db5-4283-89a3-c811895c4fde
441,Lori Hernandez,Anambra,CAMERA,47,157889,7420783.0,2024-02-08,Retail,143ac1c5-4f56-4ed5-9566-9e364708203b
442,Jeremy Turner,abuja,Keyboard,47,42417,1993599.0,2024-02-19,Direct,f96c9a0a-3404-402a-abc1-bb5282e4dd4a
443,Matthew Moore,Rivers,Tablet,47,164190,7716930.0,2023-10-13,Direct,53a5e850-8950-4dd6-a7c6-cbb1cedd069d
444,Anthony Romero,Katsina,Keyboard,47,55622,2614234.0,2024-09-28,Online,c362a810-a261-4b8d-9620-bee66406face
445,Jesse Brown,Niger,Tablet,47,266864,12542608.0,2024-12-17,Direct,a4a5c736-ae59-4a52-a65b-e22bd5a386d9
446,Angela Lin,Osun,Phone,74,297101,21985540.6,2024-09-04,Retail,6fff15cc-b2dc-4c34-8f67-448e10eceb1f
447,Lisa Hunter,Sokoto,Keyboard,47,287192,13498024.0,2024-04-30,Retail,3d175712-d8b2-4277-b413-db19bade8d5d
448,Julian Conner,Niger,Tablet,83,157421,13065972.05,2025-06-05,Wholesale,ecb4678c-1612-4aa6-be96-39ba0ed2ec9d
449,Joanna Pacheco,Katsina,HEADPHONES,47,251801,11834647.0,2024-05-12,Retail,
450,Erica Alvarez,Bauchi,Laptop,47,22761,1069767.0,2025-04-06,Wholesale,9cbf7b8c-7410-4d5d-9db1-4bfc6f3a5115
451,Antonio Garcia,rivers,Keyboard,45,157889,7105005.0,2024-04-04,Online,aa8430f8-4f2d-4233-8e16-5b129bdc70d1
452,Gwendolyn Klein,Benue,Charger,47,245489,11537983.0,2025-03-02,Wholesale,2cf72140-bd9b-4648-a876-1e85bddfa03a
453,Carrie Wright,Plateau,Tablet,47,15030,706410.0,2025-03-26,Wholesale,23204ff5-b538-496c-833e-02f71e93d127
454,Jeffrey Mills,Enugu,Monitor,24,2411,57887.04,2023-11-01,Online,7f14eafa-29f0-4f7c-82e7-df89b3957a98
455,Jake Campbell,Anambra,Tablet,47,41678,1958866.0,2024-02-21,Wholesale,8468b74d-85e3-4de5-98c1-aad6f3f8dea4
456,Matthew Moore,Abuja,Keyboard,8,189395,1515161.12,2023-08-12,Retail,425e0259-b884-46d2-928f-cf68c871d7b3
457,George Harper,Niger,TABLET,67,20856,1397378.8,2024-02-19,Online,bff15840-207e-463f-9f32-d5d82abe1585
458,Maria Jones,Lagos,Camera,39,45733,1783601.82,2025-01-15,Direct,bba1aed9-44cd-4fdd-9f9b-141ec7f7bda1
459,Michael Mitchell,Bauchi,Monitor,47,66006,3102282.0,2023-09-10,Wholesale,e65fad87-c57c-4498-9e38-f711e2ec13f4
460,Mary Escobar,imo,Keyboard,91,137074,12473814.99,2024-04-05,Retail,6de8370a-ce9e-4ebd-95c3-48530783e43c
461,Felicia Aguilar,Enugu,Laptop,47,157889,7420783.0,2025-06-27,Direct,4350ab06-1059-4a28-861b-4f5b45a08539
462,Gregory Ponce,Osun,Camera,37,18604,688377.97,2024-06-18,Online,a0a5fde6-939f-41a2-b99c-ea5cb65ad0f1
463,Jenna Larson,Niger,Monitor,33,191499,6319490.43,2024-12-01,Online,
464,Emily Bennett,Kano,Charger,47,280204,13169588.0,2024-01-26,Online,82c299f0-7487-4772-bf03-86fa13badc91
465,Robin Santiago,Sokoto,TABLET,36,273869,9859286.16,2025-02-10,Retail,dbff00b0-7fe6-40f3-8e31-41ec5c311464
466,Nancy Jennings,Katsina,Tablet,47,197955,9303885.0,2024-07-17,Direct,28457780-5e20-4957-aab8-bd33911f730b
467,Maria Henderson,Sokoto,Phone,47,5211,244917.0,2023-12-24,Online,e4eec67c-1a57-49e4-85f8-e2f8414f4994
468,Jack White,Rivers,Monitor,47,159897,7515159.0,2023-12-14,Retail,1d8680cb-b908-40f3-ac93-281a92ebeab0
469,Matthew Moore,borno,Tablet,83,123695,10266758.04,2025-04-14,Direct,00a85473-8242-4912-bda3-c1623a78b64a
470,Travis Tucker,Bauchi,Phone,47,5509,258923.0,2024-09-01,Retail,03254fbd-dce8-41c5-9bd3-0aec0b461173
471,Chad Jones,Borno,Phone,20,157889,3157780.0,2024-02-06,Direct,5d2d904f-78c5-4073-8bc5-72073e9aec86
472,Ashley Wise,Niger,Keyboard,47,216796,10189412.0,2025-07-04,Direct,2dd0622e-266b-42ea-ab93-f78c620af158
473,Sophia Johnson,Sokoto,TABLET,47,160953,7564791.0,2024-09-19,Online,090d9655-db84-4660-b5d8-fb91ee6081ac
474,Ralph Anderson,Benue,Camera,47,86363,4059061.0,2025-01-01,Online,b6ca1127-e9f8-4970-8d98-f9e28d888beb
475,Christopher Guerra,Borno,Charger,6,150913,905482.2,2024-02-06,Wholesale,3979d5f5-6b5b-4975-a7dc-2bc0bd9c4693
476,Rhonda Martin,Imo,Camera,11,209508,2304596.69,2023-10-25,Online,ea75752d-6a8f-4acb-bf8e-2d0d52619dec
477,Jason Rhodes,Oyo,Camera,47,129456,6084432.0,2023-10-03,Direct,
478,Jeremy Mitchell,enugu,Tablet,47,281943,13251321.0,2024-10-31,Retail,d3748a11-4571-4959-91e7-44e4b864ca08
479,Joann Ferguson,Niger,Headphones,47,54190,2546930.0,2025-02-05,Direct,1e910f36-5f70-4b25-9250-2e5913f06822
480,Robert Harrison,Benue,Laptop,47,275455,12946385.0,2024-10-08,Online,0d7bec04-e6e5-4b32-ac5f-12ef8085c147
481,Holly Valentine,Kaduna,PHONE,82,157889,12946898.0,2024-01-12,Retail,8409c5ea-cde9-48b3-b922-a7e42de982f8
482,Matthew Moore,Katsina,Tablet,47,157553,7404991.0,2024-01-15,Direct,66a302d6-f43e-4c48-8bc1-f9e5fb3df063
483,Mrs. Diane Reyes,Plateau,Keyboard,47,72670,3415490.0,2023-08-19,Online,ddb449dc-7710-4966-a082-7f7611a529b4
484,Tracy Montoya,Borno,Phone,47,186124,8747828.0,2024-12-12,Online,4f89e3b2-d847-4c53-8605-e58a48454343
485,Brenda Wright,Benue,Charger,62,76099,4718153.5,2025-06-13,Online,74ed5145-8d97-45c7-961d-5c8753c9fe59
486,Shelly Spencer,Imo,Headphones,47,106655,5012785.0,2024-08-26,Wholesale,4aa5f9d3-335f-4f59-9e71-7fca020a4497
487,Ryan Rosales,lagos,Laptop,47,238583,11213401.0,2024-01-02,Wholesale,bd54da04-4dcd-4009-88d5-77179055a36f
488,Phillip Nelson,Borno,Tablet,47,24166,1135802.0,2024-11-17,Wholesale,5e472e22-76c3-4642-be19-fc1d9f6a6a65
489,Brittany Kim,Borno,CHARGER,8,287809,2302477.52,2024-01-07,Retail,ff6ef9ed-7e4c-429f-b8cb-ab4c97790e84
490,Courtney Hayes,Enugu,Monitor,47,137969,6484543.0,2023-08-20,Direct,bb82b796-3207-443e-86a0-7656c5c9fb91
491,Alexander Brown,Niger,Headphones,47,157889,7420783.0,2023-09-26,Retail,
492,Cynthia Vang,Plateau,Camera,47,73340,3446980.0,2024-05-27,Retail,cbc4ec0e-c2ae-4674-8beb-4e78e68373a3
493,Alfred Galvan,Katsina,Headphones,78,209322,16327137.84,2024-03-23,Online,eeb19ad2-01a1-4b0f-a68b-84b63ec0a285
494,Marie Moody,Sokoto,Charger,47,90342,4246074.0,2025-01-18,Direct,8aa2b4c9-3ba5-4d76-861e-fb9568f82063
495,Matthew Moore,Ekiti,Tablet,47,248504,11679688.0,2024-07-11,Direct,b186a5a8-d6ee-426b-a2cd-159058af393c
496,Dustin Gallegos,ekiti,Headphones,47,24644,1158268.0,2023-09-27,Online,55c3b2db-f374-490d-8274-ce40e09016b6
497,Brenda Thornton,Ekiti,TABLET,47,297506,13982782.0,2024-12-21,Direct,60538c1b-a845-40a1-8249-2e5e005fd0e6
498,Aaron Miller,Enugu,Keyboard,47,195143,9171721.0,2025-02-28,Retail,4eb9047d-ba2a-43d9-bcf2-fc3bd95874c2
499,Ruben Dunn,Bauchi,Tablet,47,9989,469483.0,2023-10-25,Direct,fbad793f-87a1-4c02-b487-9e411a9c672a
500,Kelsey Rodriguez,Cross River,Charger,47,121880,5728360.0,2023-07-15,Wholesale,f610396b-7df5-4abf-ab79-0d013cf88d20
501,Eric Williams,Kaduna,Laptop,47,157889,7420783.0,2024-09-10,Retail,247296a4-ff38-4918-b8f9-a45d0f554896
502,Riley Bryant,Kano,Keyboard,58,113462,6580812.82,2025-07-01,Retail,0b3d0c36-17d0-4810-87a2-a10bb62edb49
503,Taylor Carlson,Borno,Laptop,19,143063,2718207.07,2023-11-10,Direct,d872f72e-e5b4-41ae-bb41-c943ebd8a3b1
504,Jose Allen,Bauchi,Headphones,47,191206,8986682.0,2024-05-22,Direct,e5449887-b36a-43ed-a9be-173a850ef0ad
505,Jeffrey Mendez,katsina,CAMERA,47,211002,9917094.0,2024-11-29,Direct,
506,Jason Beck,Sokoto,Monitor,54,25264,1364282.46,2025-07-06,Retail,bf7655d7-f97c-4c3c-b55d-814b5f5ba255
507,William Jones,Kano,Charger,47,253676,11922772.0,2025-05-25,Online,8163b6ce-1877-4c06-94ad-625215bc2a3e
508,Matthew Moore,Delta,Laptop,47,193649,9101503.0,2025-05-23,Online,64f434d6-d1e9-4691-a320-9116222df6a4
509,Katie Mcneil,Borno,Monitor,41,99715,4088337.55,2024-07-14,Retail,0ff1c51f-915c-431b-9786-7b1213281726
510,Jeanette Harrison,Delta,Phone,98,293210,28734589.8,2024-07-15,Online,21761930-f6d7-4248-a995-ecc36f5b09a6
511,Veronica King,Enugu,Tablet,47,157889,7420783.0,2024-11-27,Direct,d9d57b02-42d0-4d55-8aab-47b23c9d128a
512,Richard Cooper,Oyo,Laptop,47,292165,13731755.0,2023-12-12,Direct,64988bde-cd02-44db-ad11-15d750a46c85
513,Lori Ingram,Lagos,KEYBOARD,47,268489,12618983.0,2025-02-17,Wholesale,53853918-bc40-45fa-94f7-6322b362c0d2
514,Evelyn Williams,abuja,Charger,3,275786,827358.27,2024-02-19,Direct,3bcdf203-459e-4674-b3e7-f042516c3b0a
515,Robin Thompson,Delta,Tablet,47,69315,3257805.0,2024-03-16,Wholesale,22d839d3-33e4-4986-b18c-ccdc131eb723
516,Julie Dominguez,Cross River,Monitor,59,270431,15955443.75,2024-02-17,Retail,1be5a4c3-95af-4d0c-8528-5425c7a9f33c
517,Robin Brown,Katsina,Charger,47,207840,9768480.0,2024-11-23,Retail,7316ce64-2a14-4a96-9b0c-62eb27c8fc6c
518,Judith Carter,Kano,Laptop,46,170251,7831585.1,2023-08-25,Wholesale,1ee89a4c-6811-44e2-9064-7c59774f6354
519,Curtis Williams,Ekiti,Camera,47,81692,3839524.0,2025-06-15,Online,
520,Kaylee Hays,Niger,Keyboard,47,277285,13032395.0,2025-02-27,Retail,c534ca08-f6f2-4d1c-9bb8-b9c8893259f3
521,Matthew Moore,Plateau,PHONE,47,157889,7420783.0,2023-09-18,Direct,769de1e3-4eed-4124-b3b0-d6763527a5c8
522,Dawn Mullins,Enugu,Charger,47,205486,9657842.0,2024-11-28,Direct,1725d2c7-1eb2-47b8-9a3c-45ca43d78f2b
523,Howard Norman,benue,Camera,69,84471,5828548.68,2024-09-28,Direct,4de1087b-afa1-4a55-8ebe-abaa28597b34
524,Evelyn Martinez,Cross River,Laptop,47,163137,7667439.0,2024-01-07,Direct,9a72083c-b266-486c-b467-88bdd38e13e4
525,Steve Paul,Benue,Keyboard,47,197603,9287341.0,2024-08-29,Wholesale,db4862c2-d5ff-4a1f-b70b-9a290a530df9
526,Jasmine Beltran,Delta,Tablet,47,54216,2548152.0,2025-02-03,Online,b60e695c-1759-4a96-a5f8-8c7453ea4919
527,Jonathan Glass MD,Oyo,Monitor,47,255203,11994541.0,2025-01-22,Wholesale,657046ea-5b11-451f-b7e9-101d3f8b4433
528,Monica Miller,Lagos,Laptop,47,5189,243911.2,2025-05-01,Retail,4c80d33a-ad5b-43c8-8c88-0714837217e0
529,Samantha Gardner,Rivers,HEADPHONES,52,62543,3252280.72,2025-07-07,Direct,2c82989f-fd9c-4bb0-91f1-6485429a4a7c
530,Bobby Guerrero,Niger,Phone,47,43685,2053195.0,2023-08-08,Direct,dac726b6-6786-4fb3-b3bc-9a7107f4fee5
531,Lance Simmons,Delta,Phone,47,157889,7420783.0,2025-06-19,Direct,8cd4b90a-bf82-41bc-8e52-fc4273c374a6
532,Heather Williams,kaduna,Tablet,47,246296,11575912.0,2025-06-25,Retail,1a16998c-7648-476e-983f-ea703ff6579e
533,Heather Bolton,Bauchi,Keyboard,47,246360,11578920.0,2023-11-23,Direct,
534,Matthew Moore,Ekiti,Laptop,47,278698,13098806.0,2024-05-30,Wholesale,1f178f93-23c9-4a1e-8b37-1d97cdcc2d6a
535,William Gould,Abuja,Laptop,47,90133,4236251.0,2025-05-26,Online,c7ecfe71-d493-47fc-8fc9-8d2e030f9be9
536,Mark Cox,Imo,Camera,47,169405,7962035.0,2025-04-21,Retail,32b8d8aa-2176-4dd7-b8e7-e019fb8986c8
537,Meghan Cisneros,Delta,HEADPHONES,47,170225,8000575.0,2023-11-24,Direct,afb06406-5f4b-4a97-a68c-879bd2dc42c8
538,Lawrence Harrington,Rivers,Monitor,16,254908,4078528.16,2025-07-05,Direct,15839b99-a50a-43dc-b004-e897a15b2e18
539,Austin Osborne,Ekiti,Keyboard,47,203271,9553737.0,2025-06-24,Online,eadc9960-4242-41e2-960b-e0f495132c22
540,James Bradley,Oyo,Charger,47,162398,7632706.0,2023-08-08,Retail,ff45f8a2-0594-424f-9332-5c31d010318a
541,Meghan Rush,ekiti,Monitor,47,157889,7420783.0,2025-04-20,Direct,a55f65b7-e709-4ba6-b29f-c41710813d45
542,Phillip Berry,Bauchi,Headphones,97,115461,11199808.18,2024-05-14,Direct,178be968-20f8-4ba2-8f2e-32967184b713
543,Jennifer Banks,Imo,Monitor,47,222053,10436491.0,2025-03-14,Online,cf133b65-d450-4fa2-98e7-0aebe7b33085
544,Brian Fitzgerald,Katsina,Laptop,47,237254,11150938.0,2024-07-29,Direct,f1394e3c-0aee-4557-9f5d-f91254e07431
545,Mr. Justin Green III,Sokoto,KEYBOARD,65,206948,13451653.15,2023-12-02,Online,ec93e596-2b01-4723-8cf6-97a57603c36c
546,Zachary Mitchell,Ekiti,Monitor,6,23989,143934.54,2025-07-07,Wholesale,b9744cde-d259-4960-aee3-560792ea1324
547,Matthew Moore,Katsina,Tablet,47,223764,10516908.0,2025-02-11,Wholesale,
548,Katherine Martinez,Bauchi,Phone,47,104084,4891948.0,2025-05-18,Retail,61fa8e7a-078c-46ce-bf02-23bc651ea252
549,Jodi Roach,Niger,Charger,47,29756,1398532.0,2025-06-29,Direct,5a9c0679-2c3d-47e2-ad39-da75aee70ab2
550,Brandon Fleming,imo,Camera,47,70027,3291269.0,2024-02-20,Direct,46653497-2fe9-42aa-a886-a01136f7a26c
